"Year","Period","State","State ANSI","Data Item","Domain","Value","Chemical","Chemical_Code"
2021,"YEAR","CALIFORNIA","06","LB","FUNGICIDE",500,"CYFLUFENAMID "," 555550"
2021,"YEAR","CALIFORNIA","06","LB","FUNGICIDE",800,"TETRACONAZOLE "," 120603"
2021,"YEAR","CALIFORNIA","06","LB","HERBICIDE",500,"FLUMIOXAZIN "," 129034"
2021,"YEAR","CALIFORNIA","06","LB","INSECTICIDE",200,"ABAMECTIN "," 122804"
2021,"YEAR","CALIFORNIA","06","LB","INSECTICIDE",600,"AZADIRACHTIN "," 121701"
2021,"YEAR","CALIFORNIA","06","LB","INSECTICIDE",100,"PYRETHRINS "," 69001"
2021,"YEAR","CALIFORNIA","06","LB","INSECTICIDE",600,"THIAMETHOXAM "," 60109"
2021,"YEAR","CALIFORNIA","06","LB / ACRE / APPLICATION, AVG","FUNGICIDE",0.237,"AZOXYSTROBIN "," 128810"
2021,"YEAR","CALIFORNIA","06","LB / ACRE / APPLICATION, AVG","FUNGICIDE",0.372,"BOSCALID "," 128008"
2021,"YEAR","CALIFORNIA","06","LB / ACRE / APPLICATION, AVG","FUNGICIDE",1.662,"CAPTAN "," 81301"
2021,"YEAR","CALIFORNIA","06","LB / ACRE / APPLICATION, AVG","FUNGICIDE",0.023,"CYFLUFENAMID "," 555550"
2021,"YEAR","CALIFORNIA","06","LB / ACRE / APPLICATION, AVG","FUNGICIDE",0.333,"CYPRODINIL "," 288202"
2021,"YEAR","CALIFORNIA","06","LB / ACRE / APPLICATION, AVG","FUNGICIDE",0.222,"FLUDIOXONIL "," 71503"
2021,"YEAR","CALIFORNIA","06","LB / ACRE / APPLICATION, AVG","FUNGICIDE",0.098,"POLYOXIN D ZINC SALT "," 230000"
2021,"YEAR","CALIFORNIA","06","LB / ACRE / APPLICATION, AVG","FUNGICIDE",0.179,"PYRACLOSTROBIN "," 99100"
2021,"YEAR","CALIFORNIA","06","LB / ACRE / APPLICATION, AVG","FUNGICIDE",0.038,"TETRACONAZOLE "," 120603"
2021,"YEAR","CALIFORNIA","06","LB / ACRE / APPLICATION, AVG","FUNGICIDE",0.707,"THIOPHANATE-METHYL "," 102001"
2021,"YEAR","CALIFORNIA","06","LB / ACRE / APPLICATION, AVG","FUNGICIDE",2.144,"THIRAM "," 79801"
2021,"YEAR","CALIFORNIA","06","LB / ACRE / APPLICATION, AVG","HERBICIDE",0.084,"FLUMIOXAZIN "," 129034"
2021,"YEAR","CALIFORNIA","06","LB / ACRE / APPLICATION, AVG","HERBICIDE",0.301,"OXYFLUORFEN "," 111601"
2021,"YEAR","CALIFORNIA","06","LB / ACRE / APPLICATION, AVG","INSECTICIDE",0.018,"ABAMECTIN "," 122804"
2021,"YEAR","CALIFORNIA","06","LB / ACRE / APPLICATION, AVG","INSECTICIDE",0.138,"ACETAMIPRID "," 99050"
2021,"YEAR","CALIFORNIA","06","LB / ACRE / APPLICATION, AVG","INSECTICIDE",0.029,"AZADIRACHTIN "," 121701"
2021,"YEAR","CALIFORNIA","06","LB / ACRE / APPLICATION, AVG","INSECTICIDE",0.505,"BIFENAZATE "," 586"
2021,"YEAR","CALIFORNIA","06","LB / ACRE / APPLICATION, AVG","INSECTICIDE",0.123,"BIFENTHRIN "," 128825"
2021,"YEAR","CALIFORNIA","06","LB / ACRE / APPLICATION, AVG","INSECTICIDE",0.066,"CHLORANTRANILIPROLE "," 90100"
2021,"YEAR","CALIFORNIA","06","LB / ACRE / APPLICATION, AVG","INSECTICIDE",0.18,"FLUPYRADIFURONE "," 122304"
2021,"YEAR","CALIFORNIA","06","LB / ACRE / APPLICATION, AVG","INSECTICIDE",0.218,"HEXYTHIAZOX "," 128849"
2021,"YEAR","CALIFORNIA","06","LB / ACRE / APPLICATION, AVG","INSECTICIDE",0.077,"NOVALURON "," 124002"
2021,"YEAR","CALIFORNIA","06","LB / ACRE / APPLICATION, AVG","INSECTICIDE",0.041,"PYRETHRINS "," 69001"
2021,"YEAR","CALIFORNIA","06","LB / ACRE / APPLICATION, AVG","INSECTICIDE",0.076,"SPINETORAM "," 110007"
2021,"YEAR","CALIFORNIA","06","LB / ACRE / APPLICATION, AVG","INSECTICIDE",0.095,"SPINOSAD "," 110003"
2021,"YEAR","CALIFORNIA","06","LB / ACRE / APPLICATION, AVG","INSECTICIDE",0.065,"THIAMETHOXAM "," 60109"
2021,"YEAR","CALIFORNIA","06","LB / ACRE / APPLICATION, AVG","OTHER",0.113,"FLUTRIAFOL "," 128940"
2021,"YEAR","CALIFORNIA","06","LB / ACRE / APPLICATION, AVG","OTHER",2.372,"HYDROGEN PEROXIDE "," 595"
2021,"YEAR","CALIFORNIA","06","LB / ACRE / YEAR, AVG","FUNGICIDE",0.26,"AZOXYSTROBIN "," 128810"
2021,"YEAR","CALIFORNIA","06","LB / ACRE / YEAR, AVG","FUNGICIDE",0.506,"BOSCALID "," 128008"
2021,"YEAR","CALIFORNIA","06","LB / ACRE / YEAR, AVG","FUNGICIDE",14.256,"CAPTAN "," 81301"
2021,"YEAR","CALIFORNIA","06","LB / ACRE / YEAR, AVG","FUNGICIDE",0.031,"CYFLUFENAMID "," 555550"
2021,"YEAR","CALIFORNIA","06","LB / ACRE / YEAR, AVG","FUNGICIDE",0.591,"CYPRODINIL "," 288202"
2021,"YEAR","CALIFORNIA","06","LB / ACRE / YEAR, AVG","FUNGICIDE",0.394,"FLUDIOXONIL "," 71503"
2021,"YEAR","CALIFORNIA","06","LB / ACRE / YEAR, AVG","FUNGICIDE",0.183,"POLYOXIN D ZINC SALT "," 230000"
2021,"YEAR","CALIFORNIA","06","LB / ACRE / YEAR, AVG","FUNGICIDE",0.23,"PYRACLOSTROBIN "," 99100"
2021,"YEAR","CALIFORNIA","06","LB / ACRE / YEAR, AVG","FUNGICIDE",0.056,"TETRACONAZOLE "," 120603"
2021,"YEAR","CALIFORNIA","06","LB / ACRE / YEAR, AVG","FUNGICIDE",0.815,"THIOPHANATE-METHYL "," 102001"
2021,"YEAR","CALIFORNIA","06","LB / ACRE / YEAR, AVG","FUNGICIDE",5.029,"THIRAM "," 79801"
2021,"YEAR","CALIFORNIA","06","LB / ACRE / YEAR, AVG","HERBICIDE",0.099,"FLUMIOXAZIN "," 129034"
2021,"YEAR","CALIFORNIA","06","LB / ACRE / YEAR, AVG","HERBICIDE",0.388,"OXYFLUORFEN "," 111601"
2021,"YEAR","CALIFORNIA","06","LB / ACRE / YEAR, AVG","INSECTICIDE",0.025,"ABAMECTIN "," 122804"
2021,"YEAR","CALIFORNIA","06","LB / ACRE / YEAR, AVG","INSECTICIDE",0.184,"ACETAMIPRID "," 99050"
2021,"YEAR","CALIFORNIA","06","LB / ACRE / YEAR, AVG","INSECTICIDE",0.048,"AZADIRACHTIN "," 121701"
2021,"YEAR","CALIFORNIA","06","LB / ACRE / YEAR, AVG","INSECTICIDE",0.872,"BIFENAZATE "," 586"
2021,"YEAR","CALIFORNIA","06","LB / ACRE / YEAR, AVG","INSECTICIDE",0.191,"BIFENTHRIN "," 128825"
2021,"YEAR","CALIFORNIA","06","LB / ACRE / YEAR, AVG","INSECTICIDE",0.107,"CHLORANTRANILIPROLE "," 90100"
2021,"YEAR","CALIFORNIA","06","LB / ACRE / YEAR, AVG","INSECTICIDE",0.245,"FLUPYRADIFURONE "," 122304"
2021,"YEAR","CALIFORNIA","06","LB / ACRE / YEAR, AVG","INSECTICIDE",0.253,"HEXYTHIAZOX "," 128849"
2021,"YEAR","CALIFORNIA","06","LB / ACRE / YEAR, AVG","INSECTICIDE",0.168,"NOVALURON "," 124002"
2021,"YEAR","CALIFORNIA","06","LB / ACRE / YEAR, AVG","INSECTICIDE",0.067,"PYRETHRINS "," 69001"
2021,"YEAR","CALIFORNIA","06","LB / ACRE / YEAR, AVG","INSECTICIDE",0.117,"SPINETORAM "," 110007"
2021,"YEAR","CALIFORNIA","06","LB / ACRE / YEAR, AVG","INSECTICIDE",0.126,"SPINOSAD "," 110003"
2021,"YEAR","CALIFORNIA","06","LB / ACRE / YEAR, AVG","INSECTICIDE",0.088,"THIAMETHOXAM "," 60109"
2021,"YEAR","CALIFORNIA","06","LB / ACRE / YEAR, AVG","OTHER",0.186,"FLUTRIAFOL "," 128940"
2021,"YEAR","CALIFORNIA","06","LB / ACRE / YEAR, AVG","OTHER",4.631,"HYDROGEN PEROXIDE "," 595"
2021,"YEAR","CALIFORNIA","06","NUMBER, AVG","FUNGICIDE",1.1,"AZOXYSTROBIN "," 128810"
2021,"YEAR","CALIFORNIA","06","NUMBER, AVG","FUNGICIDE",1.4,"BOSCALID "," 128008"
2021,"YEAR","CALIFORNIA","06","NUMBER, AVG","FUNGICIDE",8.6,"CAPTAN "," 81301"
2021,"YEAR","CALIFORNIA","06","NUMBER, AVG","FUNGICIDE",1.3,"CYFLUFENAMID "," 555550"
2021,"YEAR","CALIFORNIA","06","NUMBER, AVG","FUNGICIDE",1.8,"CYPRODINIL "," 288202"
2021,"YEAR","CALIFORNIA","06","NUMBER, AVG","FUNGICIDE",1.8,"FLUDIOXONIL "," 71503"
2021,"YEAR","CALIFORNIA","06","NUMBER, AVG","FUNGICIDE",1.9,"POLYOXIN D ZINC SALT "," 230000"
2021,"YEAR","CALIFORNIA","06","NUMBER, AVG","FUNGICIDE",1.3,"PYRACLOSTROBIN "," 99100"
2021,"YEAR","CALIFORNIA","06","NUMBER, AVG","FUNGICIDE",1.5,"TETRACONAZOLE "," 120603"
2021,"YEAR","CALIFORNIA","06","NUMBER, AVG","FUNGICIDE",1.2,"THIOPHANATE-METHYL "," 102001"
2021,"YEAR","CALIFORNIA","06","NUMBER, AVG","FUNGICIDE",2.3,"THIRAM "," 79801"
2021,"YEAR","CALIFORNIA","06","NUMBER, AVG","HERBICIDE",1.2,"FLUMIOXAZIN "," 129034"
2021,"YEAR","CALIFORNIA","06","NUMBER, AVG","HERBICIDE",1.3,"OXYFLUORFEN "," 111601"
2021,"YEAR","CALIFORNIA","06","NUMBER, AVG","INSECTICIDE",1.4,"ABAMECTIN "," 122804"
2021,"YEAR","CALIFORNIA","06","NUMBER, AVG","INSECTICIDE",1.3,"ACETAMIPRID "," 99050"
2021,"YEAR","CALIFORNIA","06","NUMBER, AVG","INSECTICIDE",1.6,"AZADIRACHTIN "," 121701"
2021,"YEAR","CALIFORNIA","06","NUMBER, AVG","INSECTICIDE",1.7,"BIFENAZATE "," 586"
2021,"YEAR","CALIFORNIA","06","NUMBER, AVG","INSECTICIDE",1.6,"BIFENTHRIN "," 128825"
2021,"YEAR","CALIFORNIA","06","NUMBER, AVG","INSECTICIDE",1.6,"CHLORANTRANILIPROLE "," 90100"
2021,"YEAR","CALIFORNIA","06","NUMBER, AVG","INSECTICIDE",1.4,"FLUPYRADIFURONE "," 122304"
2021,"YEAR","CALIFORNIA","06","NUMBER, AVG","INSECTICIDE",1.2,"HEXYTHIAZOX "," 128849"
2021,"YEAR","CALIFORNIA","06","NUMBER, AVG","INSECTICIDE",2.2,"NOVALURON "," 124002"
2021,"YEAR","CALIFORNIA","06","NUMBER, AVG","INSECTICIDE",1.6,"PYRETHRINS "," 69001"
2021,"YEAR","CALIFORNIA","06","NUMBER, AVG","INSECTICIDE",1.5,"SPINETORAM "," 110007"
2021,"YEAR","CALIFORNIA","06","NUMBER, AVG","INSECTICIDE",1.3,"SPINOSAD "," 110003"
2021,"YEAR","CALIFORNIA","06","NUMBER, AVG","INSECTICIDE",1.4,"THIAMETHOXAM "," 60109"
2021,"YEAR","CALIFORNIA","06","NUMBER, AVG","OTHER",1.6,"FLUTRIAFOL "," 128940"
2021,"YEAR","CALIFORNIA","06","NUMBER, AVG","OTHER",2,"HYDROGEN PEROXIDE "," 595"
2021,"YEAR","FLORIDA","12","LB","INSECTICIDE",700,"SPINETORAM "," 110007"
2021,"YEAR","FLORIDA","12","LB / ACRE / APPLICATION, AVG","FUNGICIDE",2.025,"CAPTAN "," 81301"
2021,"YEAR","FLORIDA","12","LB / ACRE / APPLICATION, AVG","FUNGICIDE",0.294,"CYPRODINIL "," 288202"
2021,"YEAR","FLORIDA","12","LB / ACRE / APPLICATION, AVG","FUNGICIDE",0.189,"FLUDIOXONIL "," 71503"
2021,"YEAR","FLORIDA","12","LB / ACRE / APPLICATION, AVG","FUNGICIDE",2.38,"THIRAM "," 79801"
2021,"YEAR","FLORIDA","12","LB / ACRE / APPLICATION, AVG","INSECTICIDE",0.017,"ABAMECTIN "," 122804"
2021,"YEAR","FLORIDA","12","LB / ACRE / APPLICATION, AVG","INSECTICIDE",0.072,"NOVALURON "," 124002"
2021,"YEAR","FLORIDA","12","LB / ACRE / APPLICATION, AVG","INSECTICIDE",0.069,"SPINETORAM "," 110007"
2021,"YEAR","FLORIDA","12","LB / ACRE / YEAR, AVG","FUNGICIDE",21.339,"CAPTAN "," 81301"
2021,"YEAR","FLORIDA","12","LB / ACRE / YEAR, AVG","FUNGICIDE",0.816,"CYPRODINIL "," 288202"
2021,"YEAR","FLORIDA","12","LB / ACRE / YEAR, AVG","FUNGICIDE",0.652,"FLUDIOXONIL "," 71503"
2021,"YEAR","FLORIDA","12","LB / ACRE / YEAR, AVG","FUNGICIDE",22.509,"THIRAM "," 79801"
2021,"YEAR","FLORIDA","12","LB / ACRE / YEAR, AVG","INSECTICIDE",0.037,"ABAMECTIN "," 122804"
2021,"YEAR","FLORIDA","12","LB / ACRE / YEAR, AVG","INSECTICIDE",0.187,"NOVALURON "," 124002"
2021,"YEAR","FLORIDA","12","LB / ACRE / YEAR, AVG","INSECTICIDE",0.124,"SPINETORAM "," 110007"
2021,"YEAR","FLORIDA","12","NUMBER, AVG","FUNGICIDE",10.5,"CAPTAN "," 81301"
2021,"YEAR","FLORIDA","12","NUMBER, AVG","FUNGICIDE",2.8,"CYPRODINIL "," 288202"
2021,"YEAR","FLORIDA","12","NUMBER, AVG","FUNGICIDE",3.4,"FLUDIOXONIL "," 71503"
2021,"YEAR","FLORIDA","12","NUMBER, AVG","FUNGICIDE",9.5,"THIRAM "," 79801"
2021,"YEAR","FLORIDA","12","NUMBER, AVG","INSECTICIDE",2.1,"ABAMECTIN "," 122804"
2021,"YEAR","FLORIDA","12","NUMBER, AVG","INSECTICIDE",2.6,"NOVALURON "," 124002"
2021,"YEAR","FLORIDA","12","NUMBER, AVG","INSECTICIDE",1.8,"SPINETORAM "," 110007"
2019,"YEAR","CALIFORNIA","06","LB","FUNGICIDE",400,"CYFLUFENAMID "," 555550"
2019,"YEAR","CALIFORNIA","06","LB","FUNGICIDE",600,"TETRACONAZOLE "," 120603"
2019,"YEAR","CALIFORNIA","06","LB","INSECTICIDE",500,"ABAMECTIN "," 122804"
2019,"YEAR","CALIFORNIA","06","LB","INSECTICIDE",800,"AZADIRACHTIN "," 121701"
2019,"YEAR","CALIFORNIA","06","LB","INSECTICIDE",200,"PYRETHRINS "," 69001"
2019,"YEAR","CALIFORNIA","06","LB","INSECTICIDE",600,"SPINOSAD "," 110003"
2019,"YEAR","CALIFORNIA","06","LB / ACRE / APPLICATION, AVG","FUNGICIDE",0.205,"AZOXYSTROBIN "," 128810"
2019,"YEAR","CALIFORNIA","06","LB / ACRE / APPLICATION, AVG","FUNGICIDE",0.337,"BOSCALID "," 128008"
2019,"YEAR","CALIFORNIA","06","LB / ACRE / APPLICATION, AVG","FUNGICIDE",1.739,"CAPTAN "," 81301"
2019,"YEAR","CALIFORNIA","06","LB / ACRE / APPLICATION, AVG","FUNGICIDE",0.023,"CYFLUFENAMID "," 555550"
2019,"YEAR","CALIFORNIA","06","LB / ACRE / APPLICATION, AVG","FUNGICIDE",0.32,"CYPRODINIL "," 288202"
2019,"YEAR","CALIFORNIA","06","LB / ACRE / APPLICATION, AVG","FUNGICIDE",0.213,"FLUDIOXONIL "," 71503"
2019,"YEAR","CALIFORNIA","06","LB / ACRE / APPLICATION, AVG","FUNGICIDE",3.997,"FOSETYL-AL "," 123301"
2019,"YEAR","CALIFORNIA","06","LB / ACRE / APPLICATION, AVG","FUNGICIDE",0.073,"POLYOXIN D ZINC SALT "," 230000"
2019,"YEAR","CALIFORNIA","06","LB / ACRE / APPLICATION, AVG","FUNGICIDE",0.169,"PYRACLOSTROBIN "," 99100"
2019,"YEAR","CALIFORNIA","06","LB / ACRE / APPLICATION, AVG","FUNGICIDE",0.039,"TETRACONAZOLE "," 120603"
2019,"YEAR","CALIFORNIA","06","LB / ACRE / APPLICATION, AVG","FUNGICIDE",0.669,"THIOPHANATE-METHYL "," 102001"
2019,"YEAR","CALIFORNIA","06","LB / ACRE / APPLICATION, AVG","FUNGICIDE",2.219,"THIRAM "," 79801"
2019,"YEAR","CALIFORNIA","06","LB / ACRE / APPLICATION, AVG","HERBICIDE",0.089,"FLUMIOXAZIN "," 129034"
2019,"YEAR","CALIFORNIA","06","LB / ACRE / APPLICATION, AVG","HERBICIDE",0.313,"OXYFLUORFEN "," 111601"
2019,"YEAR","CALIFORNIA","06","LB / ACRE / APPLICATION, AVG","INSECTICIDE",0.019,"ABAMECTIN "," 122804"
2019,"YEAR","CALIFORNIA","06","LB / ACRE / APPLICATION, AVG","INSECTICIDE",0.126,"ACETAMIPRID "," 99050"
2019,"YEAR","CALIFORNIA","06","LB / ACRE / APPLICATION, AVG","INSECTICIDE",0.034,"AZADIRACHTIN "," 121701"
2019,"YEAR","CALIFORNIA","06","LB / ACRE / APPLICATION, AVG","INSECTICIDE",0.496,"BIFENAZATE "," 586"
2019,"YEAR","CALIFORNIA","06","LB / ACRE / APPLICATION, AVG","INSECTICIDE",0.109,"BIFENTHRIN "," 128825"
2019,"YEAR","CALIFORNIA","06","LB / ACRE / APPLICATION, AVG","INSECTICIDE",0.067,"CHLORANTRANILIPROLE "," 90100"
2019,"YEAR","CALIFORNIA","06","LB / ACRE / APPLICATION, AVG","INSECTICIDE",0.135,"ETOXAZOLE "," 107091"
2019,"YEAR","CALIFORNIA","06","LB / ACRE / APPLICATION, AVG","INSECTICIDE",0.158,"FLUPYRADIFURONE "," 122304"
2019,"YEAR","CALIFORNIA","06","LB / ACRE / APPLICATION, AVG","INSECTICIDE",0.177,"HEXYTHIAZOX "," 128849"
2019,"YEAR","CALIFORNIA","06","LB / ACRE / APPLICATION, AVG","INSECTICIDE",0.059,"NOVALURON "," 124002"
2019,"YEAR","CALIFORNIA","06","LB / ACRE / APPLICATION, AVG","INSECTICIDE",0.044,"PYRETHRINS "," 69001"
2019,"YEAR","CALIFORNIA","06","LB / ACRE / APPLICATION, AVG","INSECTICIDE",0.068,"SPINETORAM "," 110007"
2019,"YEAR","CALIFORNIA","06","LB / ACRE / APPLICATION, AVG","INSECTICIDE",0.093,"SPINOSAD "," 110003"
2019,"YEAR","CALIFORNIA","06","LB / ACRE / APPLICATION, AVG","INSECTICIDE",0.062,"THIAMETHOXAM "," 60109"
2019,"YEAR","CALIFORNIA","06","LB / ACRE / APPLICATION, AVG","OTHER",0.112,"FLUTRIAFOL "," 128940"
2019,"YEAR","CALIFORNIA","06","LB / ACRE / YEAR, AVG","FUNGICIDE",0.447,"AZOXYSTROBIN "," 128810"
2019,"YEAR","CALIFORNIA","06","LB / ACRE / YEAR, AVG","FUNGICIDE",0.508,"BOSCALID "," 128008"
2019,"YEAR","CALIFORNIA","06","LB / ACRE / YEAR, AVG","FUNGICIDE",10.456,"CAPTAN "," 81301"
2019,"YEAR","CALIFORNIA","06","LB / ACRE / YEAR, AVG","FUNGICIDE",0.034,"CYFLUFENAMID "," 555550"
2019,"YEAR","CALIFORNIA","06","LB / ACRE / YEAR, AVG","FUNGICIDE",0.765,"CYPRODINIL "," 288202"
2019,"YEAR","CALIFORNIA","06","LB / ACRE / YEAR, AVG","FUNGICIDE",0.51,"FLUDIOXONIL "," 71503"
2019,"YEAR","CALIFORNIA","06","LB / ACRE / YEAR, AVG","FUNGICIDE",18.136,"FOSETYL-AL "," 123301"
2019,"YEAR","CALIFORNIA","06","LB / ACRE / YEAR, AVG","FUNGICIDE",0.149,"POLYOXIN D ZINC SALT "," 230000"
2019,"YEAR","CALIFORNIA","06","LB / ACRE / YEAR, AVG","FUNGICIDE",0.317,"PYRACLOSTROBIN "," 99100"
2019,"YEAR","CALIFORNIA","06","LB / ACRE / YEAR, AVG","FUNGICIDE",0.058,"TETRACONAZOLE "," 120603"
2019,"YEAR","CALIFORNIA","06","LB / ACRE / YEAR, AVG","FUNGICIDE",1.041,"THIOPHANATE-METHYL "," 102001"
2019,"YEAR","CALIFORNIA","06","LB / ACRE / YEAR, AVG","FUNGICIDE",5.064,"THIRAM "," 79801"
2019,"YEAR","CALIFORNIA","06","LB / ACRE / YEAR, AVG","HERBICIDE",0.217,"FLUMIOXAZIN "," 129034"
2019,"YEAR","CALIFORNIA","06","LB / ACRE / YEAR, AVG","HERBICIDE",0.428,"OXYFLUORFEN "," 111601"
2019,"YEAR","CALIFORNIA","06","LB / ACRE / YEAR, AVG","INSECTICIDE",0.04,"ABAMECTIN "," 122804"
2019,"YEAR","CALIFORNIA","06","LB / ACRE / YEAR, AVG","INSECTICIDE",0.182,"ACETAMIPRID "," 99050"
2019,"YEAR","CALIFORNIA","06","LB / ACRE / YEAR, AVG","INSECTICIDE",0.091,"AZADIRACHTIN "," 121701"
2019,"YEAR","CALIFORNIA","06","LB / ACRE / YEAR, AVG","INSECTICIDE",0.978,"BIFENAZATE "," 586"
2019,"YEAR","CALIFORNIA","06","LB / ACRE / YEAR, AVG","INSECTICIDE",0.346,"BIFENTHRIN "," 128825"
2019,"YEAR","CALIFORNIA","06","LB / ACRE / YEAR, AVG","INSECTICIDE",0.119,"CHLORANTRANILIPROLE "," 90100"
2019,"YEAR","CALIFORNIA","06","LB / ACRE / YEAR, AVG","INSECTICIDE",0.581,"ETOXAZOLE "," 107091"
2019,"YEAR","CALIFORNIA","06","LB / ACRE / YEAR, AVG","INSECTICIDE",0.399,"FLUPYRADIFURONE "," 122304"
2019,"YEAR","CALIFORNIA","06","LB / ACRE / YEAR, AVG","INSECTICIDE",0.269,"HEXYTHIAZOX "," 128849"
2019,"YEAR","CALIFORNIA","06","LB / ACRE / YEAR, AVG","INSECTICIDE",0.192,"NOVALURON "," 124002"
2019,"YEAR","CALIFORNIA","06","LB / ACRE / YEAR, AVG","INSECTICIDE",0.074,"PYRETHRINS "," 69001"
2019,"YEAR","CALIFORNIA","06","LB / ACRE / YEAR, AVG","INSECTICIDE",0.108,"SPINETORAM "," 110007"
2019,"YEAR","CALIFORNIA","06","LB / ACRE / YEAR, AVG","INSECTICIDE",0.113,"SPINOSAD "," 110003"
2019,"YEAR","CALIFORNIA","06","LB / ACRE / YEAR, AVG","INSECTICIDE",0.164,"THIAMETHOXAM "," 60109"
2019,"YEAR","CALIFORNIA","06","LB / ACRE / YEAR, AVG","OTHER",0.188,"FLUTRIAFOL "," 128940"
2019,"YEAR","CALIFORNIA","06","NUMBER, AVG","FUNGICIDE",2.2,"AZOXYSTROBIN "," 128810"
2019,"YEAR","CALIFORNIA","06","NUMBER, AVG","FUNGICIDE",1.5,"BOSCALID "," 128008"
2019,"YEAR","CALIFORNIA","06","NUMBER, AVG","FUNGICIDE",2.6,"BT SUBSP KURSTAKI EVB-113-19 "," 6544"
2019,"YEAR","CALIFORNIA","06","NUMBER, AVG","FUNGICIDE",6,"CAPTAN "," 81301"
2019,"YEAR","CALIFORNIA","06","NUMBER, AVG","FUNGICIDE",1.5,"CYFLUFENAMID "," 555550"
2019,"YEAR","CALIFORNIA","06","NUMBER, AVG","FUNGICIDE",2.4,"CYPRODINIL "," 288202"
2019,"YEAR","CALIFORNIA","06","NUMBER, AVG","FUNGICIDE",2.4,"FLUDIOXONIL "," 71503"
2019,"YEAR","CALIFORNIA","06","NUMBER, AVG","FUNGICIDE",4.5,"FOSETYL-AL "," 123301"
2019,"YEAR","CALIFORNIA","06","NUMBER, AVG","FUNGICIDE",2.1,"POLYOXIN D ZINC SALT "," 230000"
2019,"YEAR","CALIFORNIA","06","NUMBER, AVG","FUNGICIDE",1.9,"PYRACLOSTROBIN "," 99100"
2019,"YEAR","CALIFORNIA","06","NUMBER, AVG","FUNGICIDE",1.5,"TETRACONAZOLE "," 120603"
2019,"YEAR","CALIFORNIA","06","NUMBER, AVG","FUNGICIDE",1.6,"THIOPHANATE-METHYL "," 102001"
2019,"YEAR","CALIFORNIA","06","NUMBER, AVG","FUNGICIDE",2.3,"THIRAM "," 79801"
2019,"YEAR","CALIFORNIA","06","NUMBER, AVG","HERBICIDE",2.4,"FLUMIOXAZIN "," 129034"
2019,"YEAR","CALIFORNIA","06","NUMBER, AVG","HERBICIDE",1.4,"OXYFLUORFEN "," 111601"
2019,"YEAR","CALIFORNIA","06","NUMBER, AVG","INSECTICIDE",2.2,"ABAMECTIN "," 122804"
2019,"YEAR","CALIFORNIA","06","NUMBER, AVG","INSECTICIDE",1.4,"ACETAMIPRID "," 99050"
2019,"YEAR","CALIFORNIA","06","NUMBER, AVG","INSECTICIDE",2.7,"AZADIRACHTIN "," 121701"
2019,"YEAR","CALIFORNIA","06","NUMBER, AVG","INSECTICIDE",2,"BIFENAZATE "," 586"
2019,"YEAR","CALIFORNIA","06","NUMBER, AVG","INSECTICIDE",3.2,"BIFENTHRIN "," 128825"
2019,"YEAR","CALIFORNIA","06","NUMBER, AVG","INSECTICIDE",1.6,"BT SUB AIZAWAI GC-91 "," 6426"
2019,"YEAR","CALIFORNIA","06","NUMBER, AVG","INSECTICIDE",1.7,"BURKHOLDERIA A396 CELLS & MEDIA "," 6534"
2019,"YEAR","CALIFORNIA","06","NUMBER, AVG","INSECTICIDE",1.8,"CHLORANTRANILIPROLE "," 90100"
2019,"YEAR","CALIFORNIA","06","NUMBER, AVG","INSECTICIDE",4.3,"ETOXAZOLE "," 107091"
2019,"YEAR","CALIFORNIA","06","NUMBER, AVG","INSECTICIDE",2.5,"FLUPYRADIFURONE "," 122304"
2019,"YEAR","CALIFORNIA","06","NUMBER, AVG","INSECTICIDE",1.5,"HEXYTHIAZOX "," 128849"
2019,"YEAR","CALIFORNIA","06","NUMBER, AVG","INSECTICIDE",3.2,"NOVALURON "," 124002"
2019,"YEAR","CALIFORNIA","06","NUMBER, AVG","INSECTICIDE",1.7,"PYRETHRINS "," 69001"
2019,"YEAR","CALIFORNIA","06","NUMBER, AVG","INSECTICIDE",1.6,"SPINETORAM "," 110007"
2019,"YEAR","CALIFORNIA","06","NUMBER, AVG","INSECTICIDE",1.2,"SPINOSAD "," 110003"
2019,"YEAR","CALIFORNIA","06","NUMBER, AVG","INSECTICIDE",2.7,"THIAMETHOXAM "," 60109"
2019,"YEAR","CALIFORNIA","06","NUMBER, AVG","OTHER",1.7,"FLUTRIAFOL "," 128940"
2019,"YEAR","FLORIDA","12","LB","INSECTICIDE",300,"ABAMECTIN "," 122804"
2019,"YEAR","FLORIDA","12","LB","INSECTICIDE",200,"ACETAMIPRID "," 99050"
2019,"YEAR","FLORIDA","12","LB","INSECTICIDE",700,"BIFENAZATE "," 586"
2019,"YEAR","FLORIDA","12","LB","INSECTICIDE",300,"BIFENTHRIN "," 128825"
2019,"YEAR","FLORIDA","12","LB","INSECTICIDE",100,"CHLORANTRANILIPROLE "," 90100"
2019,"YEAR","FLORIDA","12","LB","INSECTICIDE",600,"SPINETORAM "," 110007"
2019,"YEAR","FLORIDA","12","LB","INSECTICIDE",100,"THIAMETHOXAM "," 60109"
2019,"YEAR","FLORIDA","12","LB / ACRE / APPLICATION, AVG","FUNGICIDE",0.858,"AZOXYSTROBIN "," 128810"
2019,"YEAR","FLORIDA","12","LB / ACRE / APPLICATION, AVG","FUNGICIDE",2.098,"CAPTAN "," 81301"
2019,"YEAR","FLORIDA","12","LB / ACRE / APPLICATION, AVG","FUNGICIDE",0.313,"CYPRODINIL "," 288202"
2019,"YEAR","FLORIDA","12","LB / ACRE / APPLICATION, AVG","FUNGICIDE",0.206,"FLUDIOXONIL "," 71503"
2019,"YEAR","FLORIDA","12","LB / ACRE / APPLICATION, AVG","FUNGICIDE",1.34,"THIOPHANATE-METHYL "," 102001"
2019,"YEAR","FLORIDA","12","LB / ACRE / APPLICATION, AVG","FUNGICIDE",2.036,"THIRAM "," 79801"
2019,"YEAR","FLORIDA","12","LB / ACRE / APPLICATION, AVG","INSECTICIDE",0.045,"ABAMECTIN "," 122804"
2019,"YEAR","FLORIDA","12","LB / ACRE / APPLICATION, AVG","INSECTICIDE",0.099,"ACETAMIPRID "," 99050"
2019,"YEAR","FLORIDA","12","LB / ACRE / APPLICATION, AVG","INSECTICIDE",0.141,"BIFENAZATE "," 586"
2019,"YEAR","FLORIDA","12","LB / ACRE / APPLICATION, AVG","INSECTICIDE",0.05,"BIFENTHRIN "," 128825"
2019,"YEAR","FLORIDA","12","LB / ACRE / APPLICATION, AVG","INSECTICIDE",0.058,"CHLORANTRANILIPROLE "," 90100"
2019,"YEAR","FLORIDA","12","LB / ACRE / APPLICATION, AVG","INSECTICIDE",0.065,"NOVALURON "," 124002"
2019,"YEAR","FLORIDA","12","LB / ACRE / APPLICATION, AVG","INSECTICIDE",0.063,"SPINETORAM "," 110007"
2019,"YEAR","FLORIDA","12","LB / ACRE / APPLICATION, AVG","INSECTICIDE",0.054,"THIAMETHOXAM "," 60109"
2019,"YEAR","FLORIDA","12","LB / ACRE / YEAR, AVG","FUNGICIDE",4.123,"AZOXYSTROBIN "," 128810"
2019,"YEAR","FLORIDA","12","LB / ACRE / YEAR, AVG","FUNGICIDE",16.856,"CAPTAN "," 81301"
2019,"YEAR","FLORIDA","12","LB / ACRE / YEAR, AVG","FUNGICIDE",0.642,"CYPRODINIL "," 288202"
2019,"YEAR","FLORIDA","12","LB / ACRE / YEAR, AVG","FUNGICIDE",0.428,"FLUDIOXONIL "," 71503"
2019,"YEAR","FLORIDA","12","LB / ACRE / YEAR, AVG","FUNGICIDE",4.888,"THIOPHANATE-METHYL "," 102001"
2019,"YEAR","FLORIDA","12","LB / ACRE / YEAR, AVG","FUNGICIDE",10.166,"THIRAM "," 79801"
2019,"YEAR","FLORIDA","12","LB / ACRE / YEAR, AVG","INSECTICIDE",0.184,"ABAMECTIN "," 122804"
2019,"YEAR","FLORIDA","12","LB / ACRE / YEAR, AVG","INSECTICIDE",0.127,"ACETAMIPRID "," 99050"
2019,"YEAR","FLORIDA","12","LB / ACRE / YEAR, AVG","INSECTICIDE",0.663,"BIFENAZATE "," 586"
2019,"YEAR","FLORIDA","12","LB / ACRE / YEAR, AVG","INSECTICIDE",0.077,"BIFENTHRIN "," 128825"
2019,"YEAR","FLORIDA","12","LB / ACRE / YEAR, AVG","INSECTICIDE",0.067,"CHLORANTRANILIPROLE "," 90100"
2019,"YEAR","FLORIDA","12","LB / ACRE / YEAR, AVG","INSECTICIDE",0.212,"NOVALURON "," 124002"
2019,"YEAR","FLORIDA","12","LB / ACRE / YEAR, AVG","INSECTICIDE",0.116,"SPINETORAM "," 110007"
2019,"YEAR","FLORIDA","12","LB / ACRE / YEAR, AVG","INSECTICIDE",0.095,"THIAMETHOXAM "," 60109"
2019,"YEAR","FLORIDA","12","NUMBER, AVG","FUNGICIDE",4.8,"AZOXYSTROBIN "," 128810"
2019,"YEAR","FLORIDA","12","NUMBER, AVG","FUNGICIDE",8,"CAPTAN "," 81301"
2019,"YEAR","FLORIDA","12","NUMBER, AVG","FUNGICIDE",2.1,"CYPRODINIL "," 288202"
2019,"YEAR","FLORIDA","12","NUMBER, AVG","FUNGICIDE",2.1,"FLUDIOXONIL "," 71503"
2019,"YEAR","FLORIDA","12","NUMBER, AVG","FUNGICIDE",3.6,"THIOPHANATE-METHYL "," 102001"
2019,"YEAR","FLORIDA","12","NUMBER, AVG","FUNGICIDE",5,"THIRAM "," 79801"
2019,"YEAR","FLORIDA","12","NUMBER, AVG","INSECTICIDE",4.1,"ABAMECTIN "," 122804"
2019,"YEAR","FLORIDA","12","NUMBER, AVG","INSECTICIDE",1.3,"ACETAMIPRID "," 99050"
2019,"YEAR","FLORIDA","12","NUMBER, AVG","INSECTICIDE",4.7,"BIFENAZATE "," 586"
2019,"YEAR","FLORIDA","12","NUMBER, AVG","INSECTICIDE",1.5,"BIFENTHRIN "," 128825"
2019,"YEAR","FLORIDA","12","NUMBER, AVG","INSECTICIDE",1.2,"CHLORANTRANILIPROLE "," 90100"
2019,"YEAR","FLORIDA","12","NUMBER, AVG","INSECTICIDE",3.2,"NOVALURON "," 124002"
2019,"YEAR","FLORIDA","12","NUMBER, AVG","INSECTICIDE",1.8,"SPINETORAM "," 110007"
2019,"YEAR","FLORIDA","12","NUMBER, AVG","INSECTICIDE",1.8,"THIAMETHOXAM "," 60109"
2018,"YEAR","CALIFORNIA","06","LB","FUNGICIDE",100,"CYFLUFENAMID "," 555550"
2018,"YEAR","CALIFORNIA","06","LB","FUNGICIDE",300,"POLYOXIN D ZINC SALT "," 230000"
2018,"YEAR","CALIFORNIA","06","LB","FUNGICIDE",400,"TETRACONAZOLE "," 120603"
2018,"YEAR","CALIFORNIA","06","LB","HERBICIDE",100,"FLUMIOXAZIN "," 129034"
2018,"YEAR","CALIFORNIA","06","LB","HERBICIDE",800,"OXYFLUORFEN "," 111601"
2018,"YEAR","CALIFORNIA","06","LB","INSECTICIDE",200,"ABAMECTIN "," 122804"
2018,"YEAR","CALIFORNIA","06","LB","INSECTICIDE",600,"AZADIRACHTIN "," 121701"
2018,"YEAR","CALIFORNIA","06","LB","INSECTICIDE",600,"CHLORANTRANILIPROLE "," 90100"
2018,"YEAR","CALIFORNIA","06","LB","INSECTICIDE",700,"FLUPYRADIFURONE "," 122304"
2018,"YEAR","CALIFORNIA","06","LB","INSECTICIDE",800,"HEXYTHIAZOX "," 128849"
2018,"YEAR","CALIFORNIA","06","LB","INSECTICIDE",400,"PYRETHRINS "," 69001"
2018,"YEAR","CALIFORNIA","06","LB","INSECTICIDE",800,"SPINETORAM "," 110007"
2018,"YEAR","CALIFORNIA","06","LB","INSECTICIDE",700,"SPINOSAD "," 110003"
2018,"YEAR","CALIFORNIA","06","LB","INSECTICIDE",400,"THIAMETHOXAM "," 60109"
2018,"YEAR","CALIFORNIA","06","LB","OTHER",400,"FLUTRIAFOL "," 128940"
2018,"YEAR","CALIFORNIA","06","LB / ACRE / APPLICATION, AVG","FUNGICIDE",0.213,"AZOXYSTROBIN "," 128810"
2018,"YEAR","CALIFORNIA","06","LB / ACRE / APPLICATION, AVG","FUNGICIDE",0.358,"BOSCALID "," 128008"
2018,"YEAR","CALIFORNIA","06","LB / ACRE / APPLICATION, AVG","FUNGICIDE",1.878,"CAPTAN "," 81301"
2018,"YEAR","CALIFORNIA","06","LB / ACRE / APPLICATION, AVG","FUNGICIDE",0.022,"CYFLUFENAMID "," 555550"
2018,"YEAR","CALIFORNIA","06","LB / ACRE / APPLICATION, AVG","FUNGICIDE",0.32,"CYPRODINIL "," 288202"
2018,"YEAR","CALIFORNIA","06","LB / ACRE / APPLICATION, AVG","FUNGICIDE",0.214,"FLUDIOXONIL "," 71503"
2018,"YEAR","CALIFORNIA","06","LB / ACRE / APPLICATION, AVG","FUNGICIDE",0.044,"POLYOXIN D ZINC SALT "," 230000"
2018,"YEAR","CALIFORNIA","06","LB / ACRE / APPLICATION, AVG","FUNGICIDE",0.171,"PYRACLOSTROBIN "," 99100"
2018,"YEAR","CALIFORNIA","06","LB / ACRE / APPLICATION, AVG","FUNGICIDE",0.038,"TETRACONAZOLE "," 120603"
2018,"YEAR","CALIFORNIA","06","LB / ACRE / APPLICATION, AVG","FUNGICIDE",0.636,"THIOPHANATE-METHYL "," 102001"
2018,"YEAR","CALIFORNIA","06","LB / ACRE / APPLICATION, AVG","FUNGICIDE",2.078,"THIRAM "," 79801"
2018,"YEAR","CALIFORNIA","06","LB / ACRE / APPLICATION, AVG","HERBICIDE",0.096,"FLUMIOXAZIN "," 129034"
2018,"YEAR","CALIFORNIA","06","LB / ACRE / APPLICATION, AVG","HERBICIDE",0.353,"OXYFLUORFEN "," 111601"
2018,"YEAR","CALIFORNIA","06","LB / ACRE / APPLICATION, AVG","INSECTICIDE",0.019,"ABAMECTIN "," 122804"
2018,"YEAR","CALIFORNIA","06","LB / ACRE / APPLICATION, AVG","INSECTICIDE",0.118,"ACETAMIPRID "," 99050"
2018,"YEAR","CALIFORNIA","06","LB / ACRE / APPLICATION, AVG","INSECTICIDE",0.032,"AZADIRACHTIN "," 121701"
2018,"YEAR","CALIFORNIA","06","LB / ACRE / APPLICATION, AVG","INSECTICIDE",0.49,"BIFENAZATE "," 586"
2018,"YEAR","CALIFORNIA","06","LB / ACRE / APPLICATION, AVG","INSECTICIDE",0.098,"BIFENTHRIN "," 128825"
2018,"YEAR","CALIFORNIA","06","LB / ACRE / APPLICATION, AVG","INSECTICIDE",0.071,"CHLORANTRANILIPROLE "," 90100"
2018,"YEAR","CALIFORNIA","06","LB / ACRE / APPLICATION, AVG","INSECTICIDE",0.172,"FLUPYRADIFURONE "," 122304"
2018,"YEAR","CALIFORNIA","06","LB / ACRE / APPLICATION, AVG","INSECTICIDE",0.181,"HEXYTHIAZOX "," 128849"
2018,"YEAR","CALIFORNIA","06","LB / ACRE / APPLICATION, AVG","INSECTICIDE",0.073,"NOVALURON "," 124002"
2018,"YEAR","CALIFORNIA","06","LB / ACRE / APPLICATION, AVG","INSECTICIDE",0.054,"PYRETHRINS "," 69001"
2018,"YEAR","CALIFORNIA","06","LB / ACRE / APPLICATION, AVG","INSECTICIDE",0.069,"SPINETORAM "," 110007"
2018,"YEAR","CALIFORNIA","06","LB / ACRE / APPLICATION, AVG","INSECTICIDE",0.091,"SPINOSAD "," 110003"
2018,"YEAR","CALIFORNIA","06","LB / ACRE / APPLICATION, AVG","INSECTICIDE",0.06,"THIAMETHOXAM "," 60109"
2018,"YEAR","CALIFORNIA","06","LB / ACRE / APPLICATION, AVG","OTHER",0.113,"FLUTRIAFOL "," 128940"
2018,"YEAR","CALIFORNIA","06","LB / ACRE / YEAR, AVG","FUNGICIDE",0.298,"AZOXYSTROBIN "," 128810"
2018,"YEAR","CALIFORNIA","06","LB / ACRE / YEAR, AVG","FUNGICIDE",0.565,"BOSCALID "," 128008"
2018,"YEAR","CALIFORNIA","06","LB / ACRE / YEAR, AVG","FUNGICIDE",6.452,"CAPTAN "," 81301"
2018,"YEAR","CALIFORNIA","06","LB / ACRE / YEAR, AVG","FUNGICIDE",0.026,"CYFLUFENAMID "," 555550"
2018,"YEAR","CALIFORNIA","06","LB / ACRE / YEAR, AVG","FUNGICIDE",0.461,"CYPRODINIL "," 288202"
2018,"YEAR","CALIFORNIA","06","LB / ACRE / YEAR, AVG","FUNGICIDE",0.307,"FLUDIOXONIL "," 71503"
2018,"YEAR","CALIFORNIA","06","LB / ACRE / YEAR, AVG","FUNGICIDE",0.05,"POLYOXIN D ZINC SALT "," 230000"
2018,"YEAR","CALIFORNIA","06","LB / ACRE / YEAR, AVG","FUNGICIDE",0.305,"PYRACLOSTROBIN "," 99100"
2018,"YEAR","CALIFORNIA","06","LB / ACRE / YEAR, AVG","FUNGICIDE",0.055,"TETRACONAZOLE "," 120603"
2018,"YEAR","CALIFORNIA","06","LB / ACRE / YEAR, AVG","FUNGICIDE",0.827,"THIOPHANATE-METHYL "," 102001"
2018,"YEAR","CALIFORNIA","06","LB / ACRE / YEAR, AVG","FUNGICIDE",4.285,"THIRAM "," 79801"
2018,"YEAR","CALIFORNIA","06","LB / ACRE / YEAR, AVG","HERBICIDE",0.105,"FLUMIOXAZIN "," 129034"
2018,"YEAR","CALIFORNIA","06","LB / ACRE / YEAR, AVG","HERBICIDE",0.355,"OXYFLUORFEN "," 111601"
2018,"YEAR","CALIFORNIA","06","LB / ACRE / YEAR, AVG","INSECTICIDE",0.027,"ABAMECTIN "," 122804"
2018,"YEAR","CALIFORNIA","06","LB / ACRE / YEAR, AVG","INSECTICIDE",0.165,"ACETAMIPRID "," 99050"
2018,"YEAR","CALIFORNIA","06","LB / ACRE / YEAR, AVG","INSECTICIDE",0.06,"AZADIRACHTIN "," 121701"
2018,"YEAR","CALIFORNIA","06","LB / ACRE / YEAR, AVG","INSECTICIDE",0.645,"BIFENAZATE "," 586"
2018,"YEAR","CALIFORNIA","06","LB / ACRE / YEAR, AVG","INSECTICIDE",0.163,"BIFENTHRIN "," 128825"
2018,"YEAR","CALIFORNIA","06","LB / ACRE / YEAR, AVG","INSECTICIDE",0.084,"CHLORANTRANILIPROLE "," 90100"
2018,"YEAR","CALIFORNIA","06","LB / ACRE / YEAR, AVG","INSECTICIDE",0.234,"FLUPYRADIFURONE "," 122304"
2018,"YEAR","CALIFORNIA","06","LB / ACRE / YEAR, AVG","INSECTICIDE",0.212,"HEXYTHIAZOX "," 128849"
2018,"YEAR","CALIFORNIA","06","LB / ACRE / YEAR, AVG","INSECTICIDE",0.119,"NOVALURON "," 124002"
2018,"YEAR","CALIFORNIA","06","LB / ACRE / YEAR, AVG","INSECTICIDE",0.137,"PYRETHRINS "," 69001"
2018,"YEAR","CALIFORNIA","06","LB / ACRE / YEAR, AVG","INSECTICIDE",0.083,"SPINETORAM "," 110007"
2018,"YEAR","CALIFORNIA","06","LB / ACRE / YEAR, AVG","INSECTICIDE",0.104,"SPINOSAD "," 110003"
2018,"YEAR","CALIFORNIA","06","LB / ACRE / YEAR, AVG","INSECTICIDE",0.086,"THIAMETHOXAM "," 60109"
2018,"YEAR","CALIFORNIA","06","LB / ACRE / YEAR, AVG","OTHER",0.129,"FLUTRIAFOL "," 128940"
2018,"YEAR","CALIFORNIA","06","NUMBER, AVG","FUNGICIDE",1.4,"AZOXYSTROBIN "," 128810"
2018,"YEAR","CALIFORNIA","06","NUMBER, AVG","FUNGICIDE",1.6,"BOSCALID "," 128008"
2018,"YEAR","CALIFORNIA","06","NUMBER, AVG","FUNGICIDE",3.4,"CAPTAN "," 81301"
2018,"YEAR","CALIFORNIA","06","NUMBER, AVG","FUNGICIDE",1.2,"CYFLUFENAMID "," 555550"
2018,"YEAR","CALIFORNIA","06","NUMBER, AVG","FUNGICIDE",1.4,"CYPRODINIL "," 288202"
2018,"YEAR","CALIFORNIA","06","NUMBER, AVG","FUNGICIDE",1.4,"FLUDIOXONIL "," 71503"
2018,"YEAR","CALIFORNIA","06","NUMBER, AVG","FUNGICIDE",1.1,"POLYOXIN D ZINC SALT "," 230000"
2018,"YEAR","CALIFORNIA","06","NUMBER, AVG","FUNGICIDE",1.8,"PYRACLOSTROBIN "," 99100"
2018,"YEAR","CALIFORNIA","06","NUMBER, AVG","FUNGICIDE",1.5,"TETRACONAZOLE "," 120603"
2018,"YEAR","CALIFORNIA","06","NUMBER, AVG","FUNGICIDE",1.3,"THIOPHANATE-METHYL "," 102001"
2018,"YEAR","CALIFORNIA","06","NUMBER, AVG","FUNGICIDE",2.1,"THIRAM "," 79801"
2018,"YEAR","CALIFORNIA","06","NUMBER, AVG","HERBICIDE",1.1,"FLUMIOXAZIN "," 129034"
2018,"YEAR","CALIFORNIA","06","NUMBER, AVG","HERBICIDE",1,"OXYFLUORFEN "," 111601"
2018,"YEAR","CALIFORNIA","06","NUMBER, AVG","INSECTICIDE",1.4,"ABAMECTIN "," 122804"
2018,"YEAR","CALIFORNIA","06","NUMBER, AVG","INSECTICIDE",1.4,"ACETAMIPRID "," 99050"
2018,"YEAR","CALIFORNIA","06","NUMBER, AVG","INSECTICIDE",1.9,"AZADIRACHTIN "," 121701"
2018,"YEAR","CALIFORNIA","06","NUMBER, AVG","INSECTICIDE",1.3,"BIFENAZATE "," 586"
2018,"YEAR","CALIFORNIA","06","NUMBER, AVG","INSECTICIDE",1.7,"BIFENTHRIN "," 128825"
2018,"YEAR","CALIFORNIA","06","NUMBER, AVG","INSECTICIDE",1.2,"CHLORANTRANILIPROLE "," 90100"
2018,"YEAR","CALIFORNIA","06","NUMBER, AVG","INSECTICIDE",1.4,"FLUPYRADIFURONE "," 122304"
2018,"YEAR","CALIFORNIA","06","NUMBER, AVG","INSECTICIDE",1.2,"HEXYTHIAZOX "," 128849"
2018,"YEAR","CALIFORNIA","06","NUMBER, AVG","INSECTICIDE",1.6,"NOVALURON "," 124002"
2018,"YEAR","CALIFORNIA","06","NUMBER, AVG","INSECTICIDE",2.5,"PYRETHRINS "," 69001"
2018,"YEAR","CALIFORNIA","06","NUMBER, AVG","INSECTICIDE",1.2,"SPINETORAM "," 110007"
2018,"YEAR","CALIFORNIA","06","NUMBER, AVG","INSECTICIDE",1.2,"SPINOSAD "," 110003"
2018,"YEAR","CALIFORNIA","06","NUMBER, AVG","INSECTICIDE",1.4,"THIAMETHOXAM "," 60109"
2018,"YEAR","CALIFORNIA","06","NUMBER, AVG","OTHER",1.1,"FLUTRIAFOL "," 128940"
2018,"YEAR","FLORIDA","12","LB / ACRE / APPLICATION, AVG","FUNGICIDE",1.858,"CAPTAN "," 81301"
2018,"YEAR","FLORIDA","12","LB / ACRE / APPLICATION, AVG","FUNGICIDE",0.33,"CYPRODINIL "," 288202"
2018,"YEAR","FLORIDA","12","LB / ACRE / APPLICATION, AVG","FUNGICIDE",0.221,"FLUDIOXONIL "," 71503"
2018,"YEAR","FLORIDA","12","LB / ACRE / APPLICATION, AVG","FUNGICIDE",1.632,"THIRAM "," 79801"
2018,"YEAR","FLORIDA","12","LB / ACRE / YEAR, AVG","FUNGICIDE",9.193,"CAPTAN "," 81301"
2018,"YEAR","FLORIDA","12","LB / ACRE / YEAR, AVG","FUNGICIDE",0.997,"CYPRODINIL "," 288202"
2018,"YEAR","FLORIDA","12","LB / ACRE / YEAR, AVG","FUNGICIDE",0.501,"FLUDIOXONIL "," 71503"
2018,"YEAR","FLORIDA","12","LB / ACRE / YEAR, AVG","FUNGICIDE",6.049,"THIRAM "," 79801"
2018,"YEAR","FLORIDA","12","NUMBER, AVG","FUNGICIDE",4.9,"CAPTAN "," 81301"
2018,"YEAR","FLORIDA","12","NUMBER, AVG","FUNGICIDE",3,"CYPRODINIL "," 288202"
2018,"YEAR","FLORIDA","12","NUMBER, AVG","FUNGICIDE",2.3,"FLUDIOXONIL "," 71503"
2018,"YEAR","FLORIDA","12","NUMBER, AVG","FUNGICIDE",3.7,"THIRAM "," 79801"
2016,"YEAR","CALIFORNIA","06","LB","FUNGICIDE",300,"CYFLUFENAMID "," 555550"
2016,"YEAR","CALIFORNIA","06","LB","FUNGICIDE",700,"POLYOXIN D ZINC SALT "," 230000"
2016,"YEAR","CALIFORNIA","06","LB","FUNGICIDE",600,"TETRACONAZOLE "," 120603"
2016,"YEAR","CALIFORNIA","06","LB","HERBICIDE",500,"FLUMIOXAZIN "," 129034"
2016,"YEAR","CALIFORNIA","06","LB","INSECTICIDE",300,"ABAMECTIN "," 122804"
2016,"YEAR","CALIFORNIA","06","LB","INSECTICIDE",700,"SPINOSAD "," 110003"
2016,"YEAR","CALIFORNIA","06","LB","INSECTICIDE",700,"THIAMETHOXAM "," 60109"
2016,"YEAR","CALIFORNIA","06","LB / ACRE / APPLICATION, AVG","FUNGICIDE",0.227,"AZOXYSTROBIN "," 128810"
2016,"YEAR","CALIFORNIA","06","LB / ACRE / APPLICATION, AVG","FUNGICIDE",0.352,"BOSCALID "," 128008"
2016,"YEAR","CALIFORNIA","06","LB / ACRE / APPLICATION, AVG","FUNGICIDE",1.659,"CAPTAN "," 81301"
2016,"YEAR","CALIFORNIA","06","LB / ACRE / APPLICATION, AVG","FUNGICIDE",0.022,"CYFLUFENAMID "," 555550"
2016,"YEAR","CALIFORNIA","06","LB / ACRE / APPLICATION, AVG","FUNGICIDE",0.327,"CYPRODINIL "," 288202"
2016,"YEAR","CALIFORNIA","06","LB / ACRE / APPLICATION, AVG","FUNGICIDE",0.218,"FLUDIOXONIL "," 71503"
2016,"YEAR","CALIFORNIA","06","LB / ACRE / APPLICATION, AVG","FUNGICIDE",0.044,"POLYOXIN D ZINC SALT "," 230000"
2016,"YEAR","CALIFORNIA","06","LB / ACRE / APPLICATION, AVG","FUNGICIDE",0.178,"PYRACLOSTROBIN "," 99100"
2016,"YEAR","CALIFORNIA","06","LB / ACRE / APPLICATION, AVG","FUNGICIDE",0.037,"TETRACONAZOLE "," 120603"
2016,"YEAR","CALIFORNIA","06","LB / ACRE / APPLICATION, AVG","FUNGICIDE",0.826,"THIOPHANATE-METHYL "," 102001"
2016,"YEAR","CALIFORNIA","06","LB / ACRE / APPLICATION, AVG","HERBICIDE",0.091,"FLUMIOXAZIN "," 129034"
2016,"YEAR","CALIFORNIA","06","LB / ACRE / APPLICATION, AVG","HERBICIDE",0.467,"OXYFLUORFEN "," 111601"
2016,"YEAR","CALIFORNIA","06","LB / ACRE / APPLICATION, AVG","INSECTICIDE",0.019,"ABAMECTIN "," 122804"
2016,"YEAR","CALIFORNIA","06","LB / ACRE / APPLICATION, AVG","INSECTICIDE",0.124,"ACETAMIPRID "," 99050"
2016,"YEAR","CALIFORNIA","06","LB / ACRE / APPLICATION, AVG","INSECTICIDE",0.037,"AZADIRACHTIN "," 121701"
2016,"YEAR","CALIFORNIA","06","LB / ACRE / APPLICATION, AVG","INSECTICIDE",0.499,"BIFENAZATE "," 586"
2016,"YEAR","CALIFORNIA","06","LB / ACRE / APPLICATION, AVG","INSECTICIDE",0.107,"BIFENTHRIN "," 128825"
2016,"YEAR","CALIFORNIA","06","LB / ACRE / APPLICATION, AVG","INSECTICIDE",0.061,"CHLORANTRANILIPROLE "," 90100"
2016,"YEAR","CALIFORNIA","06","LB / ACRE / APPLICATION, AVG","INSECTICIDE",0.182,"FLUPYRADIFURONE "," 122304"
2016,"YEAR","CALIFORNIA","06","LB / ACRE / APPLICATION, AVG","INSECTICIDE",0.188,"HEXYTHIAZOX "," 128849"
2016,"YEAR","CALIFORNIA","06","LB / ACRE / APPLICATION, AVG","INSECTICIDE",0.078,"NOVALURON "," 124002"
2016,"YEAR","CALIFORNIA","06","LB / ACRE / APPLICATION, AVG","INSECTICIDE",0.044,"PYRETHRINS "," 69001"
2016,"YEAR","CALIFORNIA","06","LB / ACRE / APPLICATION, AVG","INSECTICIDE",0.07,"SPINETORAM "," 110007"
2016,"YEAR","CALIFORNIA","06","LB / ACRE / APPLICATION, AVG","INSECTICIDE",0.09,"SPINOSAD "," 110003"
2016,"YEAR","CALIFORNIA","06","LB / ACRE / APPLICATION, AVG","INSECTICIDE",0.062,"THIAMETHOXAM "," 60109"
2016,"YEAR","CALIFORNIA","06","LB / ACRE / APPLICATION, AVG","OTHER",0.114,"FLUTRIAFOL "," 128940"
2016,"YEAR","CALIFORNIA","06","LB / ACRE / YEAR, AVG","FUNGICIDE",0.28,"AZOXYSTROBIN "," 128810"
2016,"YEAR","CALIFORNIA","06","LB / ACRE / YEAR, AVG","FUNGICIDE",0.583,"BOSCALID "," 128008"
2016,"YEAR","CALIFORNIA","06","LB / ACRE / YEAR, AVG","FUNGICIDE",6.559,"CAPTAN "," 81301"
2016,"YEAR","CALIFORNIA","06","LB / ACRE / YEAR, AVG","FUNGICIDE",0.03,"CYFLUFENAMID "," 555550"
2016,"YEAR","CALIFORNIA","06","LB / ACRE / YEAR, AVG","FUNGICIDE",0.54,"CYPRODINIL "," 288202"
2016,"YEAR","CALIFORNIA","06","LB / ACRE / YEAR, AVG","FUNGICIDE",0.36,"FLUDIOXONIL "," 71503"
2016,"YEAR","CALIFORNIA","06","LB / ACRE / YEAR, AVG","FUNGICIDE",0.055,"POLYOXIN D ZINC SALT "," 230000"
2016,"YEAR","CALIFORNIA","06","LB / ACRE / YEAR, AVG","FUNGICIDE",0.35,"PYRACLOSTROBIN "," 99100"
2016,"YEAR","CALIFORNIA","06","LB / ACRE / YEAR, AVG","FUNGICIDE",0.05,"TETRACONAZOLE "," 120603"
2016,"YEAR","CALIFORNIA","06","LB / ACRE / YEAR, AVG","FUNGICIDE",1.582,"THIOPHANATE-METHYL "," 102001"
2016,"YEAR","CALIFORNIA","06","LB / ACRE / YEAR, AVG","HERBICIDE",0.116,"FLUMIOXAZIN "," 129034"
2016,"YEAR","CALIFORNIA","06","LB / ACRE / YEAR, AVG","HERBICIDE",0.535,"OXYFLUORFEN "," 111601"
2016,"YEAR","CALIFORNIA","06","LB / ACRE / YEAR, AVG","INSECTICIDE",0.026,"ABAMECTIN "," 122804"
2016,"YEAR","CALIFORNIA","06","LB / ACRE / YEAR, AVG","INSECTICIDE",0.188,"ACETAMIPRID "," 99050"
2016,"YEAR","CALIFORNIA","06","LB / ACRE / YEAR, AVG","INSECTICIDE",0.067,"AZADIRACHTIN "," 121701"
2016,"YEAR","CALIFORNIA","06","LB / ACRE / YEAR, AVG","INSECTICIDE",0.639,"BIFENAZATE "," 586"
2016,"YEAR","CALIFORNIA","06","LB / ACRE / YEAR, AVG","INSECTICIDE",0.163,"BIFENTHRIN "," 128825"
2016,"YEAR","CALIFORNIA","06","LB / ACRE / YEAR, AVG","INSECTICIDE",0.098,"CHLORANTRANILIPROLE "," 90100"
2016,"YEAR","CALIFORNIA","06","LB / ACRE / YEAR, AVG","INSECTICIDE",0.249,"FLUPYRADIFURONE "," 122304"
2016,"YEAR","CALIFORNIA","06","LB / ACRE / YEAR, AVG","INSECTICIDE",0.22,"HEXYTHIAZOX "," 128849"
2016,"YEAR","CALIFORNIA","06","LB / ACRE / YEAR, AVG","INSECTICIDE",0.136,"NOVALURON "," 124002"
2016,"YEAR","CALIFORNIA","06","LB / ACRE / YEAR, AVG","INSECTICIDE",0.172,"PYRETHRINS "," 69001"
2016,"YEAR","CALIFORNIA","06","LB / ACRE / YEAR, AVG","INSECTICIDE",0.103,"SPINETORAM "," 110007"
2016,"YEAR","CALIFORNIA","06","LB / ACRE / YEAR, AVG","INSECTICIDE",0.098,"SPINOSAD "," 110003"
2016,"YEAR","CALIFORNIA","06","LB / ACRE / YEAR, AVG","INSECTICIDE",0.077,"THIAMETHOXAM "," 60109"
2016,"YEAR","CALIFORNIA","06","LB / ACRE / YEAR, AVG","OTHER",0.2,"FLUTRIAFOL "," 128940"
2016,"YEAR","CALIFORNIA","06","NUMBER, AVG","FUNGICIDE",1.2,"AZOXYSTROBIN "," 128810"
2016,"YEAR","CALIFORNIA","06","NUMBER, AVG","FUNGICIDE",1.4,"BACILLUS PUMILUS "," 6485"
2016,"YEAR","CALIFORNIA","06","NUMBER, AVG","FUNGICIDE",1.7,"BOSCALID "," 128008"
2016,"YEAR","CALIFORNIA","06","NUMBER, AVG","FUNGICIDE",4,"CAPTAN "," 81301"
2016,"YEAR","CALIFORNIA","06","NUMBER, AVG","FUNGICIDE",1.3,"CYFLUFENAMID "," 555550"
2016,"YEAR","CALIFORNIA","06","NUMBER, AVG","FUNGICIDE",1.6,"CYPRODINIL "," 288202"
2016,"YEAR","CALIFORNIA","06","NUMBER, AVG","FUNGICIDE",1.6,"FLUDIOXONIL "," 71503"
2016,"YEAR","CALIFORNIA","06","NUMBER, AVG","FUNGICIDE",1.3,"POLYOXIN D ZINC SALT "," 230000"
2016,"YEAR","CALIFORNIA","06","NUMBER, AVG","FUNGICIDE",2,"PYRACLOSTROBIN "," 99100"
2016,"YEAR","CALIFORNIA","06","NUMBER, AVG","FUNGICIDE",1.3,"TETRACONAZOLE "," 120603"
2016,"YEAR","CALIFORNIA","06","NUMBER, AVG","FUNGICIDE",1.9,"THIOPHANATE-METHYL "," 102001"
2016,"YEAR","CALIFORNIA","06","NUMBER, AVG","HERBICIDE",1.3,"FLUMIOXAZIN "," 129034"
2016,"YEAR","CALIFORNIA","06","NUMBER, AVG","HERBICIDE",1.1,"OXYFLUORFEN "," 111601"
2016,"YEAR","CALIFORNIA","06","NUMBER, AVG","INSECTICIDE",1.4,"ABAMECTIN "," 122804"
2016,"YEAR","CALIFORNIA","06","NUMBER, AVG","INSECTICIDE",1.5,"ACETAMIPRID "," 99050"
2016,"YEAR","CALIFORNIA","06","NUMBER, AVG","INSECTICIDE",1.8,"AZADIRACHTIN "," 121701"
2016,"YEAR","CALIFORNIA","06","NUMBER, AVG","INSECTICIDE",1.3,"BIFENAZATE "," 586"
2016,"YEAR","CALIFORNIA","06","NUMBER, AVG","INSECTICIDE",1.5,"BIFENTHRIN "," 128825"
2016,"YEAR","CALIFORNIA","06","NUMBER, AVG","INSECTICIDE",1.6,"CHLORANTRANILIPROLE "," 90100"
2016,"YEAR","CALIFORNIA","06","NUMBER, AVG","INSECTICIDE",1.4,"FLUPYRADIFURONE "," 122304"
2016,"YEAR","CALIFORNIA","06","NUMBER, AVG","INSECTICIDE",1.2,"HEXYTHIAZOX "," 128849"
2016,"YEAR","CALIFORNIA","06","NUMBER, AVG","INSECTICIDE",1.8,"NOVALURON "," 124002"
2016,"YEAR","CALIFORNIA","06","NUMBER, AVG","INSECTICIDE",3.9,"PYRETHRINS "," 69001"
2016,"YEAR","CALIFORNIA","06","NUMBER, AVG","INSECTICIDE",1.5,"SPINETORAM "," 110007"
2016,"YEAR","CALIFORNIA","06","NUMBER, AVG","INSECTICIDE",1.1,"SPINOSAD "," 110003"
2016,"YEAR","CALIFORNIA","06","NUMBER, AVG","INSECTICIDE",1.2,"THIAMETHOXAM "," 60109"
2016,"YEAR","CALIFORNIA","06","NUMBER, AVG","OTHER",1.8,"FLUTRIAFOL "," 128940"
2016,"YEAR","FLORIDA","12","LB","INSECTICIDE",800,"BIFENTHRIN "," 128825"
2016,"YEAR","FLORIDA","12","LB","INSECTICIDE",800,"CHLORANTRANILIPROLE "," 90100"
2016,"YEAR","FLORIDA","12","LB / ACRE / APPLICATION, AVG","FUNGICIDE",0.114,"AZOXYSTROBIN "," 128810"
2016,"YEAR","FLORIDA","12","LB / ACRE / APPLICATION, AVG","FUNGICIDE",1.909,"CAPTAN "," 81301"
2016,"YEAR","FLORIDA","12","LB / ACRE / APPLICATION, AVG","FUNGICIDE",0.01,"CYFLUFENAMID "," 555550"
2016,"YEAR","FLORIDA","12","LB / ACRE / APPLICATION, AVG","FUNGICIDE",0.322,"CYPRODINIL "," 288202"
2016,"YEAR","FLORIDA","12","LB / ACRE / APPLICATION, AVG","FUNGICIDE",0.224,"FLUDIOXONIL "," 71503"
2016,"YEAR","FLORIDA","12","LB / ACRE / APPLICATION, AVG","FUNGICIDE",0.362,"ISOFETAMID "," 270000"
2016,"YEAR","FLORIDA","12","LB / ACRE / APPLICATION, AVG","FUNGICIDE",0.659,"THIOPHANATE-METHYL "," 102001"
2016,"YEAR","FLORIDA","12","LB / ACRE / APPLICATION, AVG","INSECTICIDE",0.46,"BIFENAZATE "," 586"
2016,"YEAR","FLORIDA","12","LB / ACRE / APPLICATION, AVG","INSECTICIDE",0.117,"BIFENTHRIN "," 128825"
2016,"YEAR","FLORIDA","12","LB / ACRE / APPLICATION, AVG","INSECTICIDE",0.054,"CHLORANTRANILIPROLE "," 90100"
2016,"YEAR","FLORIDA","12","LB / ACRE / APPLICATION, AVG","INSECTICIDE",0.039,"NOVALURON "," 124002"
2016,"YEAR","FLORIDA","12","LB / ACRE / YEAR, AVG","FUNGICIDE",0.255,"AZOXYSTROBIN "," 128810"
2016,"YEAR","FLORIDA","12","LB / ACRE / YEAR, AVG","FUNGICIDE",15.109,"CAPTAN "," 81301"
2016,"YEAR","FLORIDA","12","LB / ACRE / YEAR, AVG","FUNGICIDE",0.019,"CYFLUFENAMID "," 555550"
2016,"YEAR","FLORIDA","12","LB / ACRE / YEAR, AVG","FUNGICIDE",0.666,"CYPRODINIL "," 288202"
2016,"YEAR","FLORIDA","12","LB / ACRE / YEAR, AVG","FUNGICIDE",0.423,"FLUDIOXONIL "," 71503"
2016,"YEAR","FLORIDA","12","LB / ACRE / YEAR, AVG","FUNGICIDE",0.544,"ISOFETAMID "," 270000"
2016,"YEAR","FLORIDA","12","LB / ACRE / YEAR, AVG","FUNGICIDE",1.298,"THIOPHANATE-METHYL "," 102001"
2016,"YEAR","FLORIDA","12","LB / ACRE / YEAR, AVG","INSECTICIDE",0.84,"BIFENAZATE "," 586"
2016,"YEAR","FLORIDA","12","LB / ACRE / YEAR, AVG","INSECTICIDE",0.162,"BIFENTHRIN "," 128825"
2016,"YEAR","FLORIDA","12","LB / ACRE / YEAR, AVG","INSECTICIDE",0.08,"CHLORANTRANILIPROLE "," 90100"
2016,"YEAR","FLORIDA","12","LB / ACRE / YEAR, AVG","INSECTICIDE",0.092,"NOVALURON "," 124002"
2016,"YEAR","FLORIDA","12","NUMBER, AVG","FUNGICIDE",2.2,"AZOXYSTROBIN "," 128810"
2016,"YEAR","FLORIDA","12","NUMBER, AVG","FUNGICIDE",7.9,"CAPTAN "," 81301"
2016,"YEAR","FLORIDA","12","NUMBER, AVG","FUNGICIDE",1.8,"CYFLUFENAMID "," 555550"
2016,"YEAR","FLORIDA","12","NUMBER, AVG","FUNGICIDE",2.1,"CYPRODINIL "," 288202"
2016,"YEAR","FLORIDA","12","NUMBER, AVG","FUNGICIDE",1.9,"FLUDIOXONIL "," 71503"
2016,"YEAR","FLORIDA","12","NUMBER, AVG","FUNGICIDE",1.5,"ISOFETAMID "," 270000"
2016,"YEAR","FLORIDA","12","NUMBER, AVG","FUNGICIDE",2,"THIOPHANATE-METHYL "," 102001"
2016,"YEAR","FLORIDA","12","NUMBER, AVG","INSECTICIDE",1.8,"BIFENAZATE "," 586"
2016,"YEAR","FLORIDA","12","NUMBER, AVG","INSECTICIDE",1.4,"BIFENTHRIN "," 128825"
2016,"YEAR","FLORIDA","12","NUMBER, AVG","INSECTICIDE",1.5,"CHLORANTRANILIPROLE "," 90100"
2016,"YEAR","FLORIDA","12","NUMBER, AVG","INSECTICIDE",2.4,"NOVALURON "," 124002"
2016,"YEAR","WASHINGTON","53","LB","FUNGICIDE",100,"BOSCALID "," 128008"
2016,"YEAR","WASHINGTON","53","LB","FUNGICIDE",200,"PYRACLOSTROBIN "," 99100"
2016,"YEAR","WASHINGTON","53","LB / ACRE / APPLICATION, AVG","FUNGICIDE",0.276,"BOSCALID "," 128008"
2016,"YEAR","WASHINGTON","53","LB / ACRE / APPLICATION, AVG","FUNGICIDE",0.155,"PYRACLOSTROBIN "," 99100"
2016,"YEAR","WASHINGTON","53","LB / ACRE / YEAR, AVG","FUNGICIDE",0.317,"BOSCALID "," 128008"
2016,"YEAR","WASHINGTON","53","LB / ACRE / YEAR, AVG","FUNGICIDE",0.27,"PYRACLOSTROBIN "," 99100"
2016,"YEAR","WASHINGTON","53","NUMBER, AVG","FUNGICIDE",1.1,"BOSCALID "," 128008"
2016,"YEAR","WASHINGTON","53","NUMBER, AVG","FUNGICIDE",1.7,"PYRACLOSTROBIN "," 99100"
